[{"projectUrl":"https://discord.gg/WUP22Dj7GT","provider":"xKylee","name":"Alchemical Hydra","description":"A plugin for the Alchemical Hydra boss.","id":"alchemicalhydra-plugin","releases":[{"date":"2021-02-27","sha512sum":"D1EA61C7527C857F5EEFF5776466E50DFD3B0AEBA17F42BC3C77B822C431CC265CAF53A02D76BCA9084E325A9249C3915ABE44199FA4BBE049B092DAA43142D8","version":"5.0.0","url":"https://github.com/xKylee/plugins-release/blob/master/release/alchemicalhydra-5.0.0.jar?raw=true","requires":"^1.0.0"}]}, {"projectUrl":"https://discord.gg/WUP22Dj7GT","provider":"xKylee","name":"AoE Warnings","description":"Shows the final destination for AoE Attack projectiles","id":"aoewarnings-plugin","releases":[{"date":"2021-02-27","sha512sum":"638F56703AB6716C23AD5043A213927E4C877C903E9BC7CE1015627766DEE633849F89275E0CBD69E6DCA5854C5E4FECE528D55A8669B76142550869D9A037C3","version":"5.0.0","url":"https://github.com/xKylee/plugins-release/blob/master/release/aoewarnings-5.0.0.jar?raw=true","requires":"^1.0.0"}]}, {"projectUrl":"https://discord.gg/WUP22Dj7GT","provider":"xKylee","name":"Better Equipment Inspector","description":"Inspect other players their gear","id":"betterequipmentinspector-plugin","releases":[{"date":"2021-03-13","sha512sum":"82F269059D6B7422ACC4F3D4D31FA9F24253825E880A685BDDF1C958AD46BCD2124A8A77606655F7E587208BEE9897E442F23C2BBCADBD8881C7DB8B7AF19802","version":"5.0.0","url":"https://github.com/xKylee/plugins-release/blob/master/release/betterequipmentinspector-5.0.0.jar?raw=true","requires":"^1.0.0"},{"date":"2021-03-17","sha512sum":"28EB277B039B6E9C7A59FC4E4F11E40F539D6E8789218F8A2A822823EA2575953F25A6A3283A8E6A7B4536DA5D26C246CFF009B540A98EB5995CBE8E413CFE1D","version":"5.0.3","url":"https://github.com/xKylee/plugins-release/blob/master/release/betterequipmentinspector-5.0.3.jar?raw=true","requires":"^1.0.0"},{"date":"2021-03-24","sha512sum":"C4FCAD24113521EA8BE7F8FF936DF6C8C692F329A0A290E7C1F65477FA42C511D1D1CFD310357451CDE910D598A667462AAAC2A72DB7A1D6295BDC1C3E945BD6","version":"5.0.4","url":"https://github.com/xKylee/plugins-release/blob/master/release/betterequipmentinspector-5.0.4.jar?raw=true","requires":"^1.0.0"}]}, {"projectUrl":"https://discord.gg/WUP22Dj7GT","provider":"xKylee","name":"Blackjack","description":"Allows for one-click blackjacking, both knocking out and pickpocketing","id":"blackjack-plugin","releases":[{"date":"2021-02-27","sha512sum":"844EB60A470BDD671C6CEFB7551695CECFE3A568D99F26BF107B560C66035876CBB7D6001DAE964A924EF194B95882C84BA532B900A868E8ADF5006944226B77","version":"5.0.0","url":"https://github.com/xKylee/plugins-release/blob/master/release/blackjack-5.0.0.jar?raw=true","requires":"^1.0.0"},{"date":"2021-02-27","sha512sum":"18BAF982738CC90F769AFFC365017D14CE3B3F8BA6FB63F37E83D7B656AE4A57B067D04DE3FF222D41558DCBA81B6350CCB37CA0F3F19B78A821691CC6AA6D2A","version":"5.0.1","url":"https://github.com/xKylee/plugins-release/blob/master/release/blackjack-5.0.1.jar?raw=true","requires":"^1.0.0"},{"date":"2021-03-02","sha512sum":"0A2B428CB2CFAE6C6366733808C72C0019524283640FFF51F03F5F5B75B0FFEBDBA6771772217B0C3B00498653B8A66FC87B27A870133D7E502A6A938CCAC5D7","version":"5.0.2","url":"https://github.com/xKylee/plugins-release/blob/master/release/blackjack-5.0.2.jar?raw=true","requires":"^1.0.0"},{"date":"2021-03-23","sha512sum":"763C7CBC00F934BB259F499ADFC81C0B8954BF42782E8F8FA2B5DA0C3283D9C8E7C873EEC6E5605138987C750F8F6E2A100944D9C3BA8D5A63C9DEA6F4311DB0","version":"5.0.3","url":"https://github.com/xKylee/plugins-release/blob/master/release/blackjack-5.0.3.jar?raw=true","requires":"^1.0.0"}]}, {"projectUrl":"https://discord.gg/WUP22Dj7GT","provider":"xKylee","name":"castle wars extended","description":"castle wars extended","id":"castlewarsextended-plugin","releases":[{"date":"2021-02-27","sha512sum":"65E1C3000B6190B074E7199FDBCC61A084B5D00DC61674F385B837CE503602C208E528C9FFCA717EE3A7C903DA232FB50415D83906089154779DF81532ECCBBF","version":"5.0.0","url":"https://github.com/xKylee/plugins-release/blob/master/release/castlewarsextended-5.0.0.jar?raw=true","requires":"^1.0.0"}]}, {"projectUrl":"https://discord.gg/WUP22Dj7GT","provider":"xKylee","name":"Cerberus","description":"Show Cerberus' attacks and what to pray against the summoned souls","id":"cerberus-plugin","releases":[{"date":"2021-02-27","sha512sum":"CE7448A8FE27B6828BF84A14F194848C5B1E1D6342A055A3DFA22E4B75E855E707C0340A1E2ED242CCAC6B3D6247ABA48210A17B64AFE294D4B0A746ADBAD9EA","version":"5.0.0","url":"https://github.com/xKylee/plugins-release/blob/master/release/cerberus-5.0.0.jar?raw=true","requires":"^1.0.0"}]}, {"projectUrl":"https://discord.gg/WUP22Dj7GT","provider":"xKylee","name":"Clan Man Mode","description":"Assists in clan PVP scenarios","id":"clanmanmode-plugin","releases":[{"date":"2021-02-27","sha512sum":"33138BF84A32D77D03F34DDF1B173A009BF4209E9C0D5ACDE3CD818324D5B827719EE4275806EA567528FFA94954BE63D04ADE47029DE5EAF792682D4D23CF85","version":"5.0.0","url":"https://github.com/xKylee/plugins-release/blob/master/release/clanmanmode-5.0.0.jar?raw=true","requires":"^1.0.0"}]}, {"projectUrl":"https://discord.gg/WUP22Dj7GT","provider":"xKylee","name":"CoX Helper","description":"All-in-one plugin for Chambers of Xeric","id":"coxhelper-plugin","releases":[{"date":"2021-02-27","sha512sum":"987A016F13D1F309E904881EE3F414C215A028718EC6323DCD5ED45B21E3D7537E934851DFBB08355A4A42DFAC41903C8EAF2C2B43AB245C2715D9FAB2734139","version":"5.0.0","url":"https://github.com/xKylee/plugins-release/blob/master/release/coxhelper-5.0.0.jar?raw=true","requires":"^1.0.0"}]}, {"projectUrl":"https://discord.gg/WUP22Dj7GT","provider":"xKylee","name":"Dagannoth Kings","description":"A plugin for the Dagannoth Kings.","id":"dagannothkings-plugin","releases":[{"date":"2021-02-27","sha512sum":"E847E1AAA58FEF9AC4C939C45D7E759B1C0BDD44085FC4E52F9D02DC6F2ECDF06FDE416B315D2692DC8AFBE2E6617A356909EB6D5518A4B433CE4E89BE0FC339","version":"5.0.0","url":"https://github.com/xKylee/plugins-release/blob/master/release/dagannothkings-5.0.0.jar?raw=true","requires":"^1.0.0"}]}, {"projectUrl":"https://discord.gg/WUP22Dj7GT","provider":"xKylee","name":"Demonic Gorillas","description":"Count demonic gorilla attacks and display their next possible attack styles","id":"demonicgorillas-plugin","releases":[{"date":"2021-02-27","sha512sum":"A120F4F1F8BD0488D40DCA7F70CE05F416CB8971C6FA59BD17907B8516880C51D41B9B179F3EFE534688F53CCDB452801384DA5E0E624F5680A3C9F2DAEA694F","version":"5.0.0","url":"https://github.com/xKylee/plugins-release/blob/master/release/demonicgorilla-5.0.0.jar?raw=true","requires":"^1.0.0"}]}, {"projectUrl":"https://discord.gg/WUP22Dj7GT","provider":"xKylee","name":"Drop Party","description":"Marks where a user ran, for drop partys","id":"dropparty-plugin","releases":[{"date":"2021-02-27","sha512sum":"53F49FD5A5554207E6C81517538C3C29C42732EFB9AFCA9BA02624271D436813331CEE9CE41A7300B8FA4C12F9F99704B9748814C85AB6CA9B907B43B2571CEA","version":"5.0.0","url":"https://github.com/xKylee/plugins-release/blob/master/release/dropparty-5.0.0.jar?raw=true","requires":"^1.0.0"}]}, {"projectUrl":"https://discord.gg/WUP22Dj7GT","provider":"xKylee","name":"Dynamic Max Hit","description":"Dynamic Max Hit Calculations","id":"dynamicmaxhit-plugin","releases":[{"date":"2021-02-27","sha512sum":"F9844ECE33BF6433E44CAA70AAD9F08CB015CD4FED841259A57AEB1E8B99C46D9BF1209791BB3C3ED4882C43F3ECF3B39DEE074DB91291A2B7FA271C17530FB5","version":"5.0.0","url":"https://github.com/xKylee/plugins-release/blob/master/release/dynamicmaxhit-5.0.0.jar?raw=true","requires":"^1.0.0"},{"date":"2021-03-13","sha512sum":"0D74AD0A40E0D92BEB1F9DB7F784071EA9704F44F22909CB94AA0AF150CBCCB27BB9F260B8CF9D673135BCD19303FF188A6F0C85F5370ED06B98565EAD64333A","version":"5.0.1","url":"https://github.com/xKylee/plugins-release/blob/master/release/dynamicmaxhit-5.0.1.jar?raw=true","requires":"^1.0.0"}]}, {"projectUrl":"https://discord.gg/WUP22Dj7GT","provider":"xKylee","name":"Effect Timers","description":"Effect timer overlay on players","id":"effecttimers-plugin","releases":[{"date":"2021-02-27","sha512sum":"F9529DC21B1036C17AC26B03DB5EB539110B49E69AF1F09F3B00D8C379BFFA30F469973A6E03F6D2129B6DF5DD622305924E6FA78A49E307F53F27EC32FD791F","version":"5.0.0","url":"https://github.com/xKylee/plugins-release/blob/master/release/effecttimers-5.0.0.jar?raw=true","requires":"^1.0.0"}]}, {"projectUrl":"https://discord.gg/WUP22Dj7GT","provider":"xKylee","name":"Entity Focus Pile","description":"Bring whomever you're interacting with to focus on the pile.","id":"entityfocuspile-plugin","releases":[{"date":"2021-02-27","sha512sum":"ACFD50A3C9B9EBB15B944CCDD2E266AF393175C189B2DB4B48E40F594D7D6FEC4EE467361328DCF575720D99A31112329B876BEF168175975ECE213D01EF3F6F","version":"5.0.0","url":"https://github.com/xKylee/plugins-release/blob/master/release/entityfocuspile-5.0.0.jar?raw=true","requires":"^1.0.0"}]}, {"projectUrl":"https://discord.gg/WUP22Dj7GT","provider":"xKylee","name":"Entity Hider Extended","description":"Hide players, NPCs, and/or projectiles","id":"entityhiderextended-plugin","releases":[{"date":"2021-03-05","sha512sum":"B07D49B8816DCE8F51935CDA10B2581FF330A5BF31D69E89C8E9AB2F3B142BE0CA6F00BA439D631BC8313F7BB7D4F5E8410D0A8D2E5E9C95DE1160752D34C001","version":"5.0.0","url":"https://github.com/xKylee/plugins-release/blob/master/release/entityhiderextended-5.0.0.jar?raw=true","requires":"^1.0.0"}]}, {"projectUrl":"https://discord.gg/WUP22Dj7GT","provider":"xKylee","name":"Environment Aid","description":"Environment Aid to assist in certain areas","id":"environmentaid-plugin","releases":[{"date":"2021-02-27","sha512sum":"7429850946B4137D07D9788C720EE08F4B0F8A075509A5FE769739C71BE0C1A8FF0401A227F75BC2F6CCEF8FE15874976E217E19F0AF83AC5ABECDA9636095C0","version":"5.0.0","url":"https://github.com/xKylee/plugins-release/blob/master/release/environmentaid-5.0.0.jar?raw=true","requires":"^1.0.0"},{"date":"2021-03-19","sha512sum":"CCD5B2ACEBDCE7E1F6F1680E59FE009D374FEB72ECBB2626BD2ECEF97B22DEA85D56BEDD727D64DD183D10E1EFCAEF77F6BB8077E01D5923BDB954B74A974A71","version":"5.0.1","url":"https://github.com/xKylee/plugins-release/blob/master/release/environmentaid-5.0.1.jar?raw=true","requires":"^1.0.0"}]}, {"projectUrl":"https://discord.gg/WUP22Dj7GT","provider":"xKylee","name":"Fight Cave","description":"Displays current and upcoming wave monsters in the Fight Caves and what to pray at TzTok-Jad","id":"fightcave-plugin","releases":[{"date":"2021-02-27","sha512sum":"748ADA988B54A8258C6505D7BD3FD9F31F7AC264326A70C191AFAD65DC11198218D695B4C90C1600F3F188AEAFEA9B2F4F6768DAD16EF56D4A7891BC58F06C97","version":"5.0.0","url":"https://github.com/xKylee/plugins-release/blob/master/release/fightcave-5.0.0.jar?raw=true","requires":"^1.0.0"}]}, {"projectUrl":"https://discord.gg/WUP22Dj7GT","provider":"xKylee","name":"Gauntlet","description":"All-in-one plugin for the Gauntlet","id":"gauntlet-plugin","releases":[{"date":"2021-02-27","sha512sum":"413CB9B16CA50CEEE5D3B8649F2E8F13825461E8799E2E7644EA756F6F35D4298570B1F5CFE0E3F4C55A835550A788F8969A41ED6B42F72FEF0E93D76D8F06A1","version":"5.0.0","url":"https://github.com/xKylee/plugins-release/blob/master/release/gauntlet-5.0.0.jar?raw=true","requires":"^1.0.0"},{"date":"2021-02-27","sha512sum":"D26F5DDD07A4607FFBECA7CEBC4BD9AC2998698C130D260DF5E93E21F15709318D5614D0C7764307D86AE5B6BFC0FAF897E45998CA6C321025F3CC60669A7045","version":"5.0.1","url":"https://github.com/xKylee/plugins-release/blob/master/release/gauntlet-5.0.1.jar?raw=true","requires":"^1.0.0"},{"date":"2021-03-10","sha512sum":"6C65F51E95997DF6A92D4E994743D1323892F6436354534A63E26B080D14829DA16B6ECB049AF43DC9929BD327E944C721FA3FB582F50BCFF8DCD300A454F01B","version":"5.0.2","url":"https://github.com/xKylee/plugins-release/blob/master/release/gauntlet-5.0.2.jar?raw=true","requires":"^1.0.0"}]}, {"projectUrl":"https://discord.gg/WUP22Dj7GT","provider":"xKylee","name":"Godbook","description":"Tracks the ticks since someone preached from their godbook","id":"godbook-plugin","releases":[{"date":"2021-02-27","sha512sum":"37C810B1881B6535559F8D65F64DD6B35211DCAC1AA1C4128D9591DC2FFBB1A470D4CB38C51F2C68C44192941EBA065F261AE28F70D39B07BD21B5B5D44B1E88","version":"5.0.0","url":"https://github.com/xKylee/plugins-release/blob/master/release/godbook-5.0.0.jar?raw=true","requires":"^1.0.0"}]}, {"projectUrl":"https://discord.gg/WUP22Dj7GT","provider":"xKylee","name":"Grotesque Guardians","description":"Show various helpful utitiles during the Grotesque Gaurdians (Gargoyles) fight","id":"grotesqueguardians-plugin","releases":[{"date":"2021-02-27","sha512sum":"82F530A9970EA21B75BAA184106F89360F91C71BAB28109EB0441801872F2AD05D37A56B8970DBECB5B1C271B4ABA051767F4092B161DFA58465A35146962F56","version":"5.0.0","url":"https://github.com/xKylee/plugins-release/blob/master/release/grotesqueguardians-5.0.0.jar?raw=true","requires":"^1.0.0"}]}, {"projectUrl":"https://discord.gg/WUP22Dj7GT","provider":"xKylee","name":"Hallowed Sepulchre","description":"Hallowed Sepulchre","id":"hallowedsepulchre-plugin","releases":[{"date":"2021-02-27","sha512sum":"60B7C9FA83C3CBB80AA97FE979A6604B09B5CA903C39136E5BDCC7D8BAD22B441DD1A0FB6DED5DD75C806C2F221F1AC83E3547D0E38417196160BFCC600EB255","version":"5.0.0","url":"https://github.com/xKylee/plugins-release/blob/master/release/hallowedsepulchre-5.0.0.jar?raw=true","requires":"^1.0.0"},{"date":"2021-03-05","sha512sum":"B9057003FA735EECFB89C2F63AF6BD361D59CB7D39ED46B2B4D482C5DE33CDE148886D0B41F596A61561066691118223FAE064FC88ABA33618F1B14B3E002F04","version":"5.0.1","url":"https://github.com/xKylee/plugins-release/blob/master/release/hallowedsepulchre-5.0.1.jar?raw=true","requires":"^1.0.0"}]}, {"projectUrl":"https://discord.gg/WUP22Dj7GT","provider":"xKylee","name":"Show/Hide Prayers","description":"Hides specific Prayers","id":"showhideprayers-plugin","releases":[{"date":"2021-02-27","sha512sum":"87F932597F782FB3BE2432D88A1BDC528D756E267E1D3F5FD81A5B031DE0FFF974F117D326130E23AE8CF9F47F09A865518D7F66DC64EE1E1A6366E9DF3E63B9","version":"1.0.0","url":"https://github.com/xKylee/plugins-release/blob/master/release/hideprayers-1.0.0.jar?raw=true","requires":"^1.0.0"}]}, {"projectUrl":"https://discord.gg/WUP22Dj7GT","provider":"xKylee","name":"Hide Under","description":"Hide local player when under targeted players","id":"hideunder-plugin","releases":[{"date":"2021-02-27","sha512sum":"F5383BC08F069D780022A86897EE94AF3EAB28982EFD116B9241B0BA164FD5074E1D5EDF4AC46D0A507B8773B0338CC7371F629C9D0DA55DEA3723D7544FEDE3","version":"5.0.0","url":"https://github.com/xKylee/plugins-release/blob/master/release/hideunder-5.0.0.jar?raw=true","requires":"^1.0.0"}]}, {"projectUrl":"https://discord.gg/WUP22Dj7GT","provider":"xKylee","name":"Hotkey To Walk","description":"","id":"hotkeytowalk-plugin","releases":[{"date":"2021-03-17","sha512sum":"748B7FF7F9018838030AE13DC59E8D506CD22F0DEDD828E00809265B68AF92C203C24691D6DB13D83D25BDC05A8614B8759442CF2DC5A76BB2213167A55FCF80","version":"5.0.0","url":"https://github.com/xKylee/plugins-release/blob/master/release/hotkeytowalk-5.0.0.jar?raw=true","requires":"^1.0.0"}]}, {"projectUrl":"https://discord.gg/WUP22Dj7GT","provider":"xKylee","name":"Hydra Helper","description":"Overlays for small hydras","id":"hydrahelper-plugin","releases":[{"date":"2021-02-27","sha512sum":"CCDCEA0FC6ADA15D12D48A2835685E42661F75A0DD623A222393DF68CBC38C287E087C397CE600453D8DC86552751A53A083383A21CBAB0D0076B033E96CDB20","version":"5.0.0","url":"https://github.com/xKylee/plugins-release/blob/master/release/hydra-5.0.0.jar?raw=true","requires":"^1.0.0"}]}, {"projectUrl":"https://discord.gg/WUP22Dj7GT","provider":"xKylee","name":"Inferno","description":"Inferno helper","id":"inferno-plugin","releases":[{"date":"2021-02-27","sha512sum":"72D618FBD6C416F097C5CBEDEE251EE331E34D5CA2F3677356CFED078E8AF837EDDFD6FF1D9E2D2EA3E3048EBA7199EC952A8CCA0DC77E9CB8A39FFC1AF954F8","version":"5.0.0","url":"https://github.com/xKylee/plugins-release/blob/master/release/inferno-5.0.0.jar?raw=true","requires":"^1.0.0"},{"date":"2021-03-01","sha512sum":"587D7A9D3C7D0EAF48FA8C5E742EE93A6A43796E5FF9684064C149A59211E1B1416E8D159E1616E6D96634DA5BCFD43CC7A68FFB69398202992CAE83B5879ED5","version":"5.0.1","url":"https://github.com/xKylee/plugins-release/blob/master/release/inferno-5.0.1.jar?raw=true","requires":"^1.0.0"},{"date":"2021-03-04","sha512sum":"49FEA49984F889C2662C2202AF1BCD38BEA9C14680BACD95D5B2E870D547DED3E9126958C50AB45A83CE759C627D60B898F381ADCE2AE01D870D5D88D3B23B65","version":"5.0.3","url":"https://github.com/xKylee/plugins-release/blob/master/release/inferno-5.0.3.jar?raw=true","requires":"^1.0.0"}]}, {"projectUrl":"https://discord.gg/WUP22Dj7GT","provider":"xKylee","name":"Kalphite Queen","description":"Kalphite Queen plugin","id":"kalphitequeen-plugin","releases":[{"date":"2021-02-27","sha512sum":"383C16AE413041046D1050FC20347491AC6244B4275043434D042C7B1D881642AD30D96B1982593C218428A41F0AD14BB0E7EBF67C4C13F8D77FE117DAB5060C","version":"5.0.0","url":"https://github.com/xKylee/plugins-release/blob/master/release/kalphitequeen-5.0.0.jar?raw=true","requires":"^1.0.0"}]}, {"projectUrl":"https://discord.gg/WUP22Dj7GT","provider":"xKylee","name":"Lizard Shamans","description":"Configures timer for lizardmen shaman spawns","id":"lizardshamans-plugin","releases":[{"date":"2021-02-27","sha512sum":"A9DB0B9F2E1152020F4D4BC31DE7B13C467EC85107CD888E333B18575828A8478BA6E614A1965A1B35E67BB35324CA3939D6E7A6CB949138FBE640AD8DA910C6","version":"5.0.0","url":"https://github.com/xKylee/plugins-release/blob/master/release/lizardmenshaman-5.0.0.jar?raw=true","requires":"^1.0.0"}]}, {"projectUrl":"https://discord.gg/WUP22Dj7GT","provider":"xKylee","name":"Loot Assist Plugin","description":"Creates a tile overlay with a timer that counts down to when the loot will appear to you","id":"lootassistplugin-plugin","releases":[{"date":"2021-02-27","sha512sum":"6ECFD5643710E0D0A01700C62BFD3611E4590C26542F61F07491C1C27FDFCC012C99D0B8E96C2F1711C92B63F5CB921F995B5E4B6CA6F7BFF6346CDE0B3BCAF3","version":"5.0.0","url":"https://github.com/xKylee/plugins-release/blob/master/release/lootassist-5.0.0.jar?raw=true","requires":"^1.0.0"}]}, {"projectUrl":"https://discord.gg/WUP22Dj7GT","provider":"xKylee","name":"Menu Entry Swapper Extended","description":"Change the default option that is displayed when hovering over objects","id":"menuentryswapperextended-plugin","releases":[{"date":"2021-03-24","sha512sum":"899442798F6D0A84A638833069BF20AE6C7B675AB15BDBC3BCB0A5F1AA3227E2C7A76EA49A36729C32579CD6E830C6D0B062CB73BFE945CE687A4C8181D499CF","version":"5.0.0","url":"https://github.com/xKylee/plugins-release/blob/master/release/menuentryswapperextended-5.0.0.jar?raw=true","requires":"^1.0.0"},{"date":"2021-03-24","sha512sum":"A452FA2B8DC26150858179302769A92CB1571A65F5E4460E9E47AF339C29A5A2A57B998C83E568ADC29083BF626D7724997662E38D241E7C4FB0902186B9E87D","version":"5.0.1","url":"https://github.com/xKylee/plugins-release/blob/master/release/menuentryswapperextended-5.0.1.jar?raw=true","requires":"^1.0.0"},{"date":"2021-03-24","sha512sum":"2D7E4605C5361A79156B25527BCCBD21F00E29401B297490B7625AFC099B5260FCF2D65150A91D302787E82F17881F1535253CE9ADE9C70CCDD50A08F86B36FA","version":"5.0.2","url":"https://github.com/xKylee/plugins-release/blob/master/release/menuentryswapperextended-5.0.2.jar?raw=true","requires":"^1.0.0"}]}, {"projectUrl":"https://discord.gg/WUP22Dj7GT","provider":"xKylee","name":"Multi Lines","description":"Show borders of multicombat and PvP safezones","id":"multilines-plugin","releases":[{"date":"2021-02-27","sha512sum":"D119FBC3D810C38B48776F226DD2118BE3C0ABCBCC429E4BEFA244C5F8E1092E0F52502A1FC03062E746713A0CC2F6009C311446351AFE1DED6D64296D6A257C","version":"5.0.0","url":"https://github.com/xKylee/plugins-release/blob/master/release/multiindicators-5.0.0.jar?raw=true","requires":"^1.0.0"},{"date":"2021-03-06","sha512sum":"A3D842801F45591C4CB3C2C6043DD2410FC4B296FEE58CF08C140F369F2D2E7BADB2499E2D9467D65CDBDB2BB25039CEFCCB69D1D6A3E022EABF80E90F0C8E0C","version":"5.0.1","url":"https://github.com/xKylee/plugins-release/blob/master/release/multiindicators-5.0.1.jar?raw=true","requires":"^1.0.0"},{"date":"2021-03-24","sha512sum":"54CF2A3207A148157AF46B7B0EDBD69FAE44D50D6A50CBF1AF754ABD199F41E3380D6A2F991205BE0E5804EF96ADF0C49491BDD446353CFA900DB757E2DA35C8","version":"5.0.2","url":"https://github.com/xKylee/plugins-release/blob/master/release/multiindicators-5.0.2.jar?raw=true","requires":"^1.0.0"}]}, {"projectUrl":"https://discord.gg/WUP22Dj7GT","provider":"xKylee","name":"Never Logout","description":"Remove 5 minute idle logout timer.","id":"neverlogout-plugin","releases":[{"date":"2021-02-27","sha512sum":"68BF91E11A1818195BFAEBCC0AB21B247633FF7F82579DA9F671A79BEEF884FCA350F196EEABF676252702ED4BA1574051FECD51DC9E3E89755DC5020EC42F96","version":"4.0.0","url":"https://github.com/xKylee/plugins-release/blob/master/release/neverlogout-4.0.0.jar?raw=true","requires":"^1.0.0"}]}, {"projectUrl":"https://discord.gg/WUP22Dj7GT","provider":"xKylee","name":"Nightmare of Ashihama","description":"Shows what to pray and what to do at Nightmare of Ashihama","id":"nightmareofashihama-plugin","releases":[{"date":"2021-02-27","sha512sum":"C57B084540CADC3AC95436E1CF6BCA9A2266365F66605FD12A7AFE28986466CDA7D044B90092B6971125F3557C8635F36D6E4617058BBB24AF3CB0AB3ADA0A49","version":"5.0.0","url":"https://github.com/xKylee/plugins-release/blob/master/release/nightmare-5.0.0.jar?raw=true","requires":"^1.0.0"},{"date":"2021-03-01","sha512sum":"F7F15A1CBBED0E808B5D7302704D938B768F2988834C0B4BF0C35885C6075C2C8CA55D682828DD7B01E6C531C3F920CFC1AA40BEFC04EB7219A173ACB7390F32","version":"5.0.1","url":"https://github.com/xKylee/plugins-release/blob/master/release/nightmare-5.0.1.jar?raw=true","requires":"^1.0.0"}]}, {"projectUrl":"https://discord.gg/WUP22Dj7GT","provider":"xKylee","name":"NPC Status Timer","description":"Adds a timer on NPC's for their attacks and flinching","id":"npcstatustimer-plugin","releases":[{"date":"2021-02-27","sha512sum":"B55BB7825B74281F60EC18B9482C47264EF44556A937F5AB91E7906471AD31FAFFA543157C8EBF61E086F778B5A9C579634E572AD5065FEF53F485F92D0EB24F","version":"5.0.0","url":"https://github.com/xKylee/plugins-release/blob/master/release/npcstatus-5.0.0.jar?raw=true","requires":"^1.0.0"}]}, {"projectUrl":"https://discord.gg/WUP22Dj7GT","provider":"xKylee","name":"Pile Indicators","description":"Highlight and count how many npcs/players are stacked on each other","id":"pileindicators-plugin","releases":[{"date":"2021-02-27","sha512sum":"290E8B646EFDD1BFFD8D021087698F284EB3CA6AD33981290247D1400C49A09FF5C60161EA15FA032B875CB80002818AD43C8606A81C93FA1704A767224FAE56","version":"5.0.0","url":"https://github.com/xKylee/plugins-release/blob/master/release/pileindicators-5.0.0.jar?raw=true","requires":"^1.0.0"}]}, {"projectUrl":"https://discord.gg/WUP22Dj7GT","provider":"xKylee","name":"Player Attack Timer","description":"Display the tick delay for your current weapon.<br>Helps with lazy prayer flicking and flinching.","id":"playerattacktimer-plugin","releases":[{"date":"2021-02-27","sha512sum":"DE1F69B0DDE1431FA4583A6A645BA4906E2FB3D6C1FC1C9630F307A361CB60268B68E20D77EAA0EC9B8C1534DE6EE1BE51EC2AD66BBCD70564F5335640BE6BF2","version":"5.0.0","url":"https://github.com/xKylee/plugins-release/blob/master/release/playerattacktimer-5.0.0.jar?raw=true","requires":"^1.0.0"}]}, {"projectUrl":"https://discord.gg/WUP22Dj7GT","provider":"xKylee","name":"Player Scouter","description":"Scout players and output them to your discord channel!","id":"playerscouter-plugin","releases":[{"date":"2021-02-27","sha512sum":"C2D8A515E300BA2C06AFBA4625CF8F0D349B229B83B9632144F5D7B089732154FACE03EF8055288664877BF962AF8D375204ADF53C655872D100664375BC30E8","version":"5.0.0","url":"https://github.com/xKylee/plugins-release/blob/master/release/playerscouter-5.0.0.jar?raw=true","requires":"^1.0.0"}]}, {"projectUrl":"https://discord.gg/WUP22Dj7GT","provider":"xKylee","name":"Pray Against Player","description":"Use plugin in PvP situations for best results","id":"prayagainstplayer-plugin","releases":[{"date":"2021-02-27","sha512sum":"072C609EED17DD65C187AD663364F561DB64BCFA109BE28F33C508CE823C5F03526F8D43225DF9006FBF6D83CD726A60C5CC4536AC6F6E60EF3C34C5E5A1DF9C","version":"5.0.0","url":"https://github.com/xKylee/plugins-release/blob/master/release/prayagainstplayer-5.0.0.jar?raw=true","requires":"^1.0.0"},{"date":"2021-02-27","sha512sum":"5F607A54A1BFF4CEB71AD02698687A96B2E5D53292FCA7586CCC56649FDB9D76C7ABC3FE5AEFA299C3554F34C5EE0D8B9D3870374C53672C5BA3EDEE7AFEA8F6","version":"5.0.1","url":"https://github.com/xKylee/plugins-release/blob/master/release/prayagainstplayer-5.0.1.jar?raw=true","requires":"^1.0.0"}]}, {"projectUrl":"https://discord.gg/WUP22Dj7GT","provider":"xKylee","name":"PvP Tools","description":"Enable the PvP Tools panel","id":"pvptools-plugin","releases":[{"date":"2021-02-27","sha512sum":"9426587A7F9EEDC4452F1ED958E8EB3A6EB26C019ED4AB707E18258959C6DA77B103E0485BCBDB161BBDA43A12A60A172735C57F2553ED61C3C74B2F278F16A3","version":"5.0.0","url":"https://github.com/xKylee/plugins-release/blob/master/release/pvptools-5.0.0.jar?raw=true","requires":"^1.0.0"}]}, {"projectUrl":"https://discord.gg/WUP22Dj7GT","provider":"xKylee","name":"Reorder Prayers","description":"Reorder the prayers displayed on the Prayer panel","id":"reorderprayers-plugin","releases":[{"date":"2021-02-27","sha512sum":"6B4FB52ED5D4836700E4BC5D05C1F3921F420B3505EC72FAD793E97C0C4ABB58003DD1F3D967D717C44ADAAC7D8F1A3183A2B0B59322FE14A5EEC10ECE16BE95","version":"5.0.0","url":"https://github.com/xKylee/plugins-release/blob/master/release/reorderprayers-5.0.0.jar?raw=true","requires":"^1.0.0"}]}, {"projectUrl":"https://discord.gg/WUP22Dj7GT","provider":"xKylee","name":"Runedoku","description":"Show solutions for current Runedoku puzzle","id":"runedoku-plugin","releases":[{"date":"2021-02-27","sha512sum":"DE6A4ED8785FE3566CF07AC9DCF835259E874AA97B01EB5FBCE4701A96E092962AC0774F5FB8CB64AD9C328A2F3F3F04E5DB61C5D51293C78A7E3DEB4A085E51","version":"5.0.0","url":"https://github.com/xKylee/plugins-release/blob/master/release/runedoku-5.0.0.jar?raw=true","requires":"^1.0.0"}]}, {"projectUrl":"https://discord.gg/WUP22Dj7GT","provider":"xKylee","name":"Smithing","description":"Helps with smithing at anvils","id":"smithing-plugin","releases":[{"date":"2021-03-24","sha512sum":"5EF59F82710AC7520A430C34FD4E9F3EAB6BFFC2467CD3E9BAC33AC5254EE1515FC854FE90F528A8C409CEB9F1B105E19FC6631B405147B324C74F713E7EF7A5","version":"5.0.0","url":"https://github.com/xKylee/plugins-release/blob/master/release/smithing-5.0.0.jar?raw=true","requires":"^1.0.0"}]}, {"projectUrl":"https://discord.gg/WUP22Dj7GT","provider":"xKylee","name":"Socket","description":"Socket connection for broadcasting messages across clients.","id":"socket-plugin","releases":[{"date":"2021-02-27","sha512sum":"31668F2A44FE58E29230C1809D407CEAB30B3E1FB0C501FD074F33C1DECBD96FC38591BDFA243C57E81B9202D28A2403E9B4A56E9DB49B8DA02315A354A9525A","version":"5.0.0","url":"https://github.com/xKylee/plugins-release/blob/master/release/socket-5.0.0.jar?raw=true","requires":"^1.0.0"}]}, {"projectUrl":"https://discord.gg/WUP22Dj7GT","provider":"xKylee","name":"Socket Death Indicator","description":"Socket extension for extending removing dead nylocas during Theatre","id":"socketdeathindicator-plugin","releases":[{"date":"2021-02-27","sha512sum":"97350177A1B0E0EEE9EBF754E43CCB6DD25D857E94A2506C3AEB7A0EBEAA7CCE8DFAC8571407B836401A8EC2F37764D4E0733CCBFBD7C7A09C9AA7B57F79D772","version":"5.0.0","url":"https://github.com/xKylee/plugins-release/blob/master/release/socketdeathindicator-5.0.0.jar?raw=true","requires":"^1.0.0"},{"date":"2021-03-05","sha512sum":"DFB517C18EA03B62462795ACB77ED2D6418BBDB1268219A88B893BA9C3B225EE3E07FD1383226DBFC18CECE9D72CFBCE11DF8A9706E29689679C6A7267855D71","version":"5.0.1","url":"https://github.com/xKylee/plugins-release/blob/master/release/socketdeathindicator-5.0.1.jar?raw=true","requires":"^1.0.0"}]}, {"projectUrl":"https://discord.gg/WUP22Dj7GT","provider":"xKylee","name":"Socket Player Status","description":"Socket extension for displaying player status to members in your party.","id":"socketplayerstatus-plugin","releases":[{"date":"2021-02-27","sha512sum":"00BF63CA1C4C789CFC1603774F626FFC830A02ADE3D7638DDD34ACE4E067FF891BA142B3BDAF9E89471BBF98A9B43D6C236ADD9CA8BFF9FD6D8FB929727FC393","version":"5.0.0","url":"https://github.com/xKylee/plugins-release/blob/master/release/socketplayerstatus-5.0.0.jar?raw=true","requires":"^1.0.0"}]}, {"projectUrl":"https://discord.gg/WUP22Dj7GT","provider":"xKylee","name":"Socket Player Status Extended","description":"Socket extension for displaying player status to members in your party.","id":"socketplayerstatusextended-plugin","releases":[{"date":"2021-02-27","sha512sum":"E1B9E26AB127C97F90C44F92F2D51D24E09BEBD6F2F5EE50326261F5A521CD9078C7EA67435FB2B49D981A50CBB62F189DC96C3AA6C538B9CC0E73FCE61BF01D","version":"5.0.0","url":"https://github.com/xKylee/plugins-release/blob/master/release/socketplayerstatusextended-5.0.0.jar?raw=true","requires":"^1.0.0"}]}, {"projectUrl":"https://discord.gg/WUP22Dj7GT","provider":"xKylee","name":"Socket Sotetseg","description":"Extended plugin handler for Sotetseg in the Theatre of Blood.","id":"socketsotetseg-plugin","releases":[{"date":"2021-02-27","sha512sum":"DC36198154D66F467DCD249C9D21888839D98B19BB07853BA9ACDDBA6CFB79BE8330F94F24C448E50A9D8C834D0D4FFBA269D377B04986B793B19C02BF4D48D1","version":"5.0.0","url":"https://github.com/xKylee/plugins-release/blob/master/release/socketsotetseg-5.0.0.jar?raw=true","requires":"^1.0.0"},{"date":"2021-03-07","sha512sum":"01E399B6EA317F216A7A76E1AE65753A407D90B026AE83FF30806C0360216C51DD90F524B877625ECE2C65CCD180EBFF7F45E0DDF1A7607AD252FED6EBA1EF2E","version":"5.0.1","url":"https://github.com/xKylee/plugins-release/blob/master/release/socketsotetseg-5.0.1.jar?raw=true","requires":"^1.0.0"}]}, {"projectUrl":"https://discord.gg/WUP22Dj7GT","provider":"xKylee","name":"Socket Special Attack Counter","description":"Track DWH, Arclight, Darklight, and BGS special attacks used on NPCs using server sockets.","id":"socketspecialattackcounter-plugin","releases":[{"date":"2021-02-27","sha512sum":"ABD6811CE85290A2BEE199278179B5C5618D6273E618AF57765DAFBA33B750956598FCD4449F95FB040CB14EB97A8535A21F78115092A3970E4F60A055DEE9CE","version":"5.0.0","url":"https://github.com/xKylee/plugins-release/blob/master/release/socketspecialcounter-5.0.0.jar?raw=true","requires":"^1.0.0"}]}, {"projectUrl":"https://discord.gg/WUP22Dj7GT","provider":"xKylee","name":"Sorceress' Garden","description":"Provides various utilities for the Sorceress' Garden minigame","id":"sorceressgarden-plugin","releases":[{"date":"2021-02-27","sha512sum":"2C3595258DF1ADA0F840E379F3B96DE94193D0A0D0DFB942CCC03997C61E418D7BBCDE9E679584F03E5DB8529B92D72FBFF1163E213390E57CE1795880F0A83B","version":"5.0.0","url":"https://github.com/xKylee/plugins-release/blob/master/release/sorceressgarden-5.0.0.jar?raw=true","requires":"^1.0.0"}]}, {"projectUrl":"https://discord.gg/WUP22Dj7GT","provider":"xKylee","name":"Spawn Timer","description":"Shows NPC'S time since spawned","id":"spawntimer-plugin","releases":[{"date":"2021-02-27","sha512sum":"B46DF28F48E43FDB00574A8A4890B54B2E06C42892A1714B602BEB42BA1D7F1CAC7A4563A4C2D9500950BE3D0C2E3FC4C839BA59198F4A341971DF0EC0B5D686","version":"5.0.0","url":"https://github.com/xKylee/plugins-release/blob/master/release/spawntimer-5.0.0.jar?raw=true","requires":"^1.0.0"}]}, {"projectUrl":"https://discord.gg/WUP22Dj7GT","provider":"xKylee","name":"Spec Bar","description":"Adds a spec bar to every weapon","id":"specbar-plugin","releases":[{"date":"2021-02-27","sha512sum":"A15465F840C98B2DAC25BC983D37E7ECEE30962E40521CACD8B04FE1988BADD8A15320CAAC03CE6CBEDD8A54178B5ED30991CA4B751955B246B5A0880FA2C93C","version":"5.0.0","url":"https://github.com/xKylee/plugins-release/blob/master/release/specbar-5.0.0.jar?raw=true","requires":"^1.0.0"}]}, {"projectUrl":"https://discord.gg/WUP22Dj7GT","provider":"xKylee","name":"Spec Orb","description":"Make the special attack orb work everywhere with all weapons","id":"specorb-plugin","releases":[{"date":"2021-02-27","sha512sum":"DD5A1032E1CE663F1D225A2700070C09123B70A3F9D890A53A5F169CDA7684725DFDEBB602FBF72E298F1DAD5858F6E4C857F3F43006807099D8AB08AD2A87F0","version":"5.0.0","url":"https://github.com/xKylee/plugins-release/blob/master/release/specorb-5.0.0.jar?raw=true","requires":"^1.0.0"},{"date":"2021-02-27","sha512sum":"1369545F2BB68ED89DEF6104760DBC90BC36D3EBC247F0685BC5670DF05C6101458F30AAEE6525EA517B84074276DD12FF361E11E2E129D38D6908C638D4343A","version":"5.0.1","url":"https://github.com/xKylee/plugins-release/blob/master/release/specorb-5.0.1.jar?raw=true","requires":"^1.0.0"},{"date":"2021-03-24","sha512sum":"62E2ACE6753EED93CE180861F31A8CE98981B56EE92B98C83EFD6AD9C5497829AEBBE7DCB6C33B42F4848C63DB1FE67CF2D05CD7D017767DB749BF62BD91EBC5","version":"5.0.2","url":"https://github.com/xKylee/plugins-release/blob/master/release/specorb-5.0.2.jar?raw=true","requires":"^1.0.0"}]}, {"projectUrl":"https://discord.gg/WUP22Dj7GT","provider":"xKylee","name":"Spellbook","description":"Modifications to the spellbook","id":"spellbook-plugin","releases":[{"date":"2021-02-27","sha512sum":"632715319F67C1853EC1B12F448C54A32A4EF66C3CEF9E7709AD38A735BD647B6C62931DBD2E4907881D5BCBD303BA9BCB38803663DEB3F6A8261D4DB272BF14","version":"5.0.0","url":"https://github.com/xKylee/plugins-release/blob/master/release/spellbook-5.0.0.jar?raw=true","requires":"^1.0.0"}]}, {"projectUrl":"https://discord.gg/WUP22Dj7GT","provider":"xKylee","name":"Stronghold","description":"Highlights the correct answer to Stronghold of Security questions.","id":"stronghold-plugin","releases":[{"date":"2021-02-27","sha512sum":"A628F51EE8FD033F30E015A073187AE160A120BE896514CB1176158CCD8E3E9F9B37E077CDAF1F83C71FBF345FD2B433AAB92F6F9CF147B12160428569F536BE","version":"5.0.0","url":"https://github.com/xKylee/plugins-release/blob/master/release/strongholdofsecurity-5.0.0.jar?raw=true","requires":"^1.0.0"}]}, {"projectUrl":"https://discord.gg/WUP22Dj7GT","provider":"xKylee","name":"Tarn's lair","description":"Mark tiles and clickboxes to help traverse the maze","id":"tarnslair-plugin","releases":[{"date":"2021-02-27","sha512sum":"72A265D6B24A726557835036543B53C8B4A4935A0E2B26F9A3F06F1F7241238FF08D5960FCC933C0A2879E7BFAE04A522AE802A3BED5CDBDF6D17615982830DE","version":"5.0.0","url":"https://github.com/xKylee/plugins-release/blob/master/release/tarnslair-5.0.0.jar?raw=true","requires":"^1.0.0"}]}, {"projectUrl":"https://discord.gg/WUP22Dj7GT","provider":"xKylee","name":"Temple Trekking","description":"Helpers for the Temple Trek minigame","id":"templetrekking-plugin","releases":[{"date":"2021-02-27","sha512sum":"94E9DDA29E2483F261A431B8684F26C5EA6C314E521A0E52009ACDABE11A09362DBE55B6950AFD6E31DB1C7D1339AD96307ABF13DC83833B2F46A22627693868","version":"5.0.0","url":"https://github.com/xKylee/plugins-release/blob/master/release/templetrekking-5.0.0.jar?raw=true","requires":"^1.0.0"}]}, {"projectUrl":"https://discord.gg/WUP22Dj7GT","provider":"xKylee","name":"Theatre Of Blood","description":"All-in-one plugin for Theatre of Blood","id":"theatreofblood-plugin","releases":[{"date":"2021-02-27","sha512sum":"2B95CD02433383E72FD768E4072155C29396282A1D9D41D84154120C57FC8D7E5DC468A11C4C4ED8DB6E6B0814122E34889A34EEE6D9AD9223CA222675330532","version":"5.0.0","url":"https://github.com/xKylee/plugins-release/blob/master/release/theatre-5.0.0.jar?raw=true","requires":"^1.0.0"},{"date":"2021-03-19","sha512sum":"A01F78406D0D08891A5C16D46B199AFBD835CE894DB0BEA9A4F89F7AB0C1FFD0C04527514D0BBE078BE6B19A9441CC44111D532B7C3F85FA2EC691F2924B0073","version":"5.0.1","url":"https://github.com/xKylee/plugins-release/blob/master/release/theatre-5.0.1.jar?raw=true","requires":"^1.0.0"}]}, {"projectUrl":"https://discord.gg/WUP22Dj7GT","provider":"xKylee","name":"Boss Tick Timers","description":"Tick timers for bosses","id":"bossticktimers-plugin","releases":[{"date":"2021-02-27","sha512sum":"83B0232E8774113DD5FE36B300A76CC80B1DDA377FFBED6E52C92B08DA024F927D2B27259A178D6ECC37E138F52F4607F229BB831B6C157EE856BE93F4229997","version":"5.0.0","url":"https://github.com/xKylee/plugins-release/blob/master/release/ticktimers-5.0.0.jar?raw=true","requires":"^1.0.0"}]}, {"projectUrl":"https://discord.gg/WUP22Dj7GT","provider":"xKylee","name":"Vet'ion","description":"Tracks Vet'ion's special attacks","id":"vetion-plugin","releases":[{"date":"2021-02-27","sha512sum":"83385CD3578263216766D8B7246738E6B29E4DDF29C4CB781BF8AC4D54B23B734F1F25608448D468087446B8221C8BF3D2F0137ED5E76201D7316636F413D5F5","version":"5.0.0","url":"https://github.com/xKylee/plugins-release/blob/master/release/vetion-5.0.0.jar?raw=true","requires":"^1.0.0"}]}, {"projectUrl":"https://discord.gg/WUP22Dj7GT","provider":"xKylee","name":"Vorkath","description":"Count vorkath attacks, indicate next phase, wooxwalk timer, indicate path through acid","id":"vorkath-plugin","releases":[{"date":"2021-02-27","sha512sum":"8A68699FE598320D66619BC243B6BE6D7ECD065D60D46A3F67BAFB19CFFFE6C5E6DCAE5EE21048AEABC941C18E431436C206BD4C15B348E083149A5E31DDD79D","version":"5.0.0","url":"https://github.com/xKylee/plugins-release/blob/master/release/vorkath-5.0.0.jar?raw=true","requires":"^1.0.0"}]}, {"projectUrl":"https://discord.gg/WUP22Dj7GT","provider":"xKylee","name":"Whale Watchers","description":"A Plugin to save help whales in the wild","id":"whalewatchers-plugin","releases":[{"date":"2021-02-27","sha512sum":"079D698BF57999AD0DC3D8A74E714C09693C443F77942B499774116C1C9C4DE1BD0BFA5FA54653BA34F385736C764982D4AAA9B8CF209F8CBF176DAEF968F38E","version":"5.0.0","url":"https://github.com/xKylee/plugins-release/blob/master/release/whalewatchers-5.0.0.jar?raw=true","requires":"^1.0.0"}]}, {"projectUrl":"https://discord.gg/WUP22Dj7GT","provider":"xKylee","name":"Wilderness Locations","description":"Indicates the players current location in the wild","id":"wildernesslocations-plugin","releases":[{"date":"2021-02-27","sha512sum":"82AC73D96C4220316E6861B476CB858FCC40491DA227D8976E3BFAA9649B160DE0171FB5C9D1C54E7CDA4B3874F81BFFC20E709E0E3E117E5AB1814AD555A1DB","version":"1.0.0","url":"https://github.com/xKylee/plugins-release/blob/master/release/wildernesslocations-1.0.0.jar?raw=true","requires":"^1.0.0"}]}, {"projectUrl":"https://discord.gg/WUP22Dj7GT","provider":"xKylee","name":"Zulrah","description":"Shows tiles on where to stand during the phases and what prayer to use","id":"zulrah-plugin","releases":[{"date":"2021-02-27","sha512sum":"26E748208828D39C139A8998932C433F3CCB29EB1695286804EAA9C967ED877A93CE789F9611EA4CBE832D256C8BA5E3CAC8726583CF68138C9A360361366CFA","version":"5.0.0","url":"https://github.com/xKylee/plugins-release/blob/master/release/zulrah-5.0.0.jar?raw=true","requires":"^1.0.0"}]}]
